07-silvestri-revenue_2017,03-gren-revenue_2017_eu,01-DDD-revenue_2017_euro,01-DDD-absolute_growth_rate_pct,01-DDD-revenue_2020_euro
"507,000",507000,"507,000","19,152.82",doll_97.61 m
"344,428",344428,"344,428","16,541.73",doll_57.32 m
"4,325,512",4325512,"4,325,512","13,133.13",doll_568.32 m
"2,652,185",2652185,"2,652,185","11,928.05",doll_316.73 m
"486,165",486165,"486,165","11,441.27",doll_56.11 m
"150,908",150908,"150,908","8,624.23",doll_13.17 m
"251,668",251668,"251,668","7,396.77",doll_18.73 m
"706,700",706700,"706,700","6,635.11",doll_47.6 m
"111,500",111500,"111,500","6,480.53",doll_7.34 m
"392,055",392055,"392,055","6,287.13",doll_24.48 m
"680,197",680197,"680,197","5,957.94",doll_41.21 m
"153,046",153046,"153,046","5,790.52",doll_9.02 m
"155,406",155406,"155,406","5,713.76",doll_9.03 m
"229,201",229201,"229,201","5,242.60",doll_12.16 m
"238,118",238118,"238,118","4,682.15",doll_11.39 m
"454,975",454975,"454,975","4,649.68",doll_21.46 m
"149,397",149397,"149,397","4,377.53",doll_7.23 m
"325,585",325585,"325,585","4,303.97",doll_14.34 m
"160,624",160624,"160,624","4,165.75",doll_6.85 m
"274,575",274575,"274,575","4,118.60",doll_11.58 m
"782,918",782918,"782,918","4,104.02",doll_30.89 m
"238,451",238451,"238,451","4,029.49",doll_9.01 m
"207,120",207120,"207,120","3,943.64",doll_8.38 m
"416,562",416562,"416,562","3,801.56",doll_16.14 m
"363,010",363010,"363,010","3,726.04",doll_13.89 m
"181,772",181772,"181,772","3,356.60",doll_6.24 m
"214,673",214673,"214,673","2,967.63",doll_6.46 m
"170,950",170950,"170,950","2,957.41",doll_5.19 m
"263,663",263663,"263,663","2,950.29",doll_8.04 m
"4,044,537",4044537,"4,044,537","2,899.26",doll_121.31 m
"381,830",381830,"381,830","2,859.83",doll_11.3 m
"155,043",155043,"155,043","2,828.22",doll_4.54 m
"125,682",125682,"125,682","2,752.08",doll_3.58 m
"7,403,458",7403458,"7,403,458","2,744.13",doll_210.56 m
"210,820",210820,"210,820","2,660.84",doll_5.82 m
"2,039,961",2039961,"2,039,961","2,646.07",doll_56.02 m
"155,310",155310,"155,310","2,589.10",doll_4.18 m
"182,100",182100,"182,100","2,572.52",doll_4.45 m
"229,713",229713,"229,713","2,480.16",doll_5.93 m
"225,380",225380,"225,380","2,438.64",doll_5.72 m
"194,090",194090,"194,090","2,424.14",doll_4.86 m
"101,311",101311,"101,311","2,416.78",doll_2.55 m
"100,711",100711,"100,711","2,314.21",doll_2.43 m
"379,771",379771,"379,771","2,256.98",doll_8.95 m
"757,323",757323,"757,323","2,182.00",doll_17.16 m
"110,200",110200,"110,200","2,164.85",doll_2.5 m
"744,092",744092,"744,092","2,131.19",doll_16.48 m
"387,995",387995,"387,995","2,130.67",doll_8.59 m
"179,204",179204,"179,204","2,090.34",doll_3.84 m
"388,565",388565,"388,565","2,087.98",doll_7.78 m
"1,186,853",1186853,"1,186,853","2,082.38",doll_25.9 m
"640,056",640056,"640,056","1,979.82",doll_13.31 m
"103,240",103240,"103,240","1,966.73",doll_2.13 m
"3,188,715",3188715,"3,188,715","1,928.53",doll_64.22 m
"238,216",238216,"238,216","1,909.48",doll_4.75 m
"585,280",585280,"585,280","1,892.58",doll_11.66 m
"376,519",376519,"376,519","1,889.07",doll_7.44 m
"203,950",203950,"203,950","1,865.84",doll_4.01 m
"270,090",270090,"270,090","1,803.65",doll_5.14 m
"369,000",369000,"369,000","1,782.11",doll_6.95 m
"535,070",535070,"535,070","1,729.53",doll_9.79 m
"858,482",858482,"858,482","1,702.70",doll_15.37 m
"2,007,000",2007000,"2,007,000","1,690.63",doll_35.94 m
"375,323",375323,"375,323","1,666.64",doll_6.63 m
"362,320",362320,"362,320","1,664.65",doll_6.39 m
"805,870",805870,"805,870","1,659.07",doll_14.18 m
"3,306,795",3306795,"3,306,795","1,644.00",doll_57.67 m
"6,287,460",6287460,"6,287,460","1,637.55",doll_109.25 m
"128,176",128176,"128,176","1,624.69",doll_2.21 m
"255,062",255062,"255,062","1,613.70",doll_4.0 m
"330,763",330763,"330,763","1,604.74",doll_5.16 m
"107,492",107492,"107,492","1,598.31",doll_1.83 m
"131,164",131164,"131,164","1,586.90",doll_2.21 m
"1,199,580",1199580,"1,199,580","1,579.82",doll_20.15 m
"2,474,341",2474341,"2,474,341","1,561.33",doll_40.81 m
"270,750",270750,"270,750","1,546.97",doll_4.46 m
"742,746",742746,"742,746","1,494.85",doll_11.76 m
"314,150",314150,"314,150","1,459.11",doll_4.9 m
"249,176",249176,"249,176","1,453.83",doll_3.87 m
"320,411",320411,"320,411","1,420.90",doll_4.84 m
"672,821",672821,"672,821","1,389.24",doll_10.02 m
"145,398,192",145398192,"145,398,192","1,368.58",doll_2120.07 m
"387,161",387161,"387,161","1,367.04",doll_5.64 m
"245,000",245000,"245,000","1,328.57",doll_3.5 m
"518,613",518613,"518,613","1,306.55",doll_7.29 m
"262,421",262421,"262,421","1,304.85",doll_3.69 m
"1,702,000",1702000,"1,702,000","1,298.53",doll_23.8 m
"188,680",188680,"188,680","1,283.67",doll_2.61 m
"7,930,094",7930094,"7,930,094","1,269.90",doll_107.86 m
"925,527",925527,"925,527","1,268.04",doll_12.57 m
"422,420",422420,"422,420","1,264.72",doll_5.76 m
"159,707",159707,"159,707","1,262.58",doll_2.18 m
"5,581,858",5581858,"5,581,858","1,257.04",doll_74.07 m
"113,072",113072,"113,072","1,254.32",doll_1.53 m
"247,465",247465,"247,465","1,251.43",doll_3.32 m
"139,300",139300,"139,300","1,249.94",doll_1.88 m
"228,076",228076,"228,076","1,242.47",doll_3.06 m
"684,874",684874,"684,874","1,241.42",doll_9.19 m
"171,057",171057,"171,057","1,234.31",doll_2.27 m
"291,481",291481,"291,481","1,225.70",doll_3.86 m
"882,099",882099,"882,099","1,216.25",doll_11.53 m
"664,000",664000,"664,000","1,214.76",doll_8.73 m
"217,460",217460,"217,460","1,211.43",doll_2.85 m
"530,667",530667,"530,667","1,198.37",doll_6.89 m
"427,339",427339,"427,339","1,179.02",doll_5.47 m
"299,598",299598,"299,598","1,163.47",doll_3.79 m
"159,128",159128,"159,128","1,156.25",doll_1.72 m
"6,753,191",6753191,"6,753,191","1,151.36",doll_79.3 m
"242,368",242368,"242,368","1,150.62",doll_3.03 m
"1,281,462",1281462,"1,281,462","1,148.16",doll_15.88 m
"131,691",131691,"131,691","1,137.06",doll_1.63 m
"620,283",620283,"620,283","1,135.70",doll_7.66 m
"252,713",252713,"252,713","1,133.10",doll_2.68 m
"815,690",815690,"815,690","1,132.04",doll_10.05 m
"130,290",130290,"130,290","1,131.09",doll_1.6 m
"2,201,178",2201178,"2,201,178","1,121.82",doll_26.89 m
"207,327",207327,"207,327","1,111.76",doll_2.51 m
"133,200",133200,"133,200","1,110.84",doll_1.61 m
"241,411",241411,"241,411","1,103.81",doll_2.91 m
"560,150",560150,"560,150","1,097.84",doll_6.71 m
"712,855",712855,"712,855","1,087.64",doll_8.47 m
"180,824",180824,"180,824","1,075.04",doll_2.12 m
"570,012",570012,"570,012","1,073.57",doll_6.69 m
"156,130",156130,"156,130","1,072.49",doll_1.83 m
"855,321",855321,"855,321","1,068.59",doll_9.92 m
"288,095",288095,"288,095","1,065.09",doll_3.33 m
"2,326,082",2326082,"2,326,082","1,061.67",doll_24.72 m
"1,383,205",1383205,"1,383,205","1,057.21",doll_16.01 m
"281,000",281000,"281,000","1,049.47",doll_3.23 m
"777,410",777410,"777,410","1,041.38",doll_8.87 m
"2,527,006",2527006,"2,527,006","1,033.39",doll_28.0 m
"522,712",522712,"522,712","1,019.79",doll_5.74 m
"337,525",337525,"337,525","1,005.08",doll_3.73 m
"692,440",692440,"692,440","1,003.16",doll_7.64 m
"551,000",551000,"551,000",991.29,doll_6.01 m
"330,500",330500,"330,500",988.35,doll_3.6 m
"455,000",455000,"455,000",975.16,doll_4.89 m
"1,643,572",1643572,"1,643,572",969.96,doll_17.58 m
"205,554",205554,"205,554",968.54,doll_2.2 m
"643,299",643299,"643,299",964.02,doll_6.84 m
"628,384",628384,"628,384",954.24,doll_6.62 m
"21,098,843",21098843,"21,098,843",949.32,doll_221.39 m
"160,539",160539,"160,539",941.48,doll_1.67 m
"2,131,000",2131000,"2,131,000",938.81,doll_22.14 m
"1,521,010",1521010,"1,521,010",937.64,doll_15.49 m
"194,780",194780,"194,780",935.17,doll_2.02 m
"291,720",291720,"291,720",927.28,doll_3.0 m
"167,000",167000,"167,000",927.15,doll_1.72 m
"552,355",552355,"552,355",921.07,doll_5.64 m
"1,269,382",1269382,"1,269,382",914.74,doll_12.79 m
"4,340,517",4340517,"4,340,517",909.37,doll_43.81 m
"249,975",249975,"249,975",908.11,doll_2.52 m
"156,300",156300,"156,300",904.15,doll_1.57 m
"204,620",204620,"204,620",897.81,doll_2.03 m
"2,693,390",2693390,"2,693,390",888.84,doll_26.63 m
"3,058,141",3058141,"3,058,141",886.94,doll_29.62 m
"2,456,563",2456563,"2,456,563",884.55,doll_20.83 m
"230,800",230800,"230,800",882.56,doll_2.27 m
"1,870,109",1870109,"1,870,109",880.00,doll_18.2 m
"7,450,099",7450099,"7,450,099",867.03,doll_72.04 m
"280,390",280390,"280,390",866.15,doll_2.71 m
"1,217,338",1217338,"1,217,338",866.06,doll_11.5 m
"529,371",529371,"529,371",847.68,doll_5.02 m
"7,177,912",7177912,"7,177,912",842.47,doll_66.15 m
"429,505",429505,"429,505",842.21,doll_4.05 m
"2,096,570",2096570,"2,096,570",834.19,doll_19.45 m
"479,290",479290,"479,290",825.58,doll_4.44 m
"735,758",735758,"735,758",824.45,doll_6.8 m
"374,200",374200,"374,200",823.89,doll_3.46 m
"530,785",530785,"530,785",812.34,doll_4.71 m
"533,144",533144,"533,144",811.16,doll_4.86 m
"308,810",308810,"308,810",808.60,doll_2.81 m
"252,871",252871,"252,871",797.40,doll_2.27 m
"1,052,796",1052796,"1,052,796",792.08,doll_9.39 m
"3,046,667",3046667,"3,046,667",790.71,doll_26.53 m
"1,057,443",1057443,"1,057,443",789.96,doll_8.61 m
"237,410",237410,"237,410",787.93,doll_2.11 m
"1,255,372",1255372,"1,255,372",786.15,doll_11.12 m
"18,035,029",18035029,"18,035,029",785.05,doll_156.62 m
"2,531,000",2531000,"2,531,000",784.47,doll_22.39 m
"551,128",551128,"551,128",783.80,doll_4.87 m
"273,552",273552,"273,552",780.26,doll_2.41 m
"299,988",299988,"299,988",765.91,doll_2.6 m
"1,340,430",1340430,"1,340,430",764.38,doll_11.59 m
"228,982",228982,"228,982",763.88,doll_1.98 m
"570,564",570564,"570,564",761.93,doll_4.88 m
"651,170",651170,"651,170",758.51,doll_5.59 m
"262,280",262280,"262,280",753.42,doll_2.24 m
"400,000",400000,"400,000",750.00,doll_3.4 m
"2,133,310",2133310,"2,133,310",744.97,doll_18.03 m
"2,025,879",2025879,"2,025,879",744.07,doll_17.06 m
"1,815,680",1815680,"1,815,680",739.66,doll_15.25 m
"2,264,940",2264940,"2,264,940",736.20,doll_18.94 m
"295,731",295731,"295,731",731.33,doll_2.46 m
"305,268",305268,"305,268",731.00,doll_2.18 m
"327,218",327218,"327,218",727.39,doll_2.63 m
"191,679",191679,"191,679",722.29,doll_1.58 m
"1,349,733",1349733,"1,349,733",721.49,doll_11.09 m
"481,510",481510,"481,510",718.65,doll_3.94 m
"812,371",812371,"812,371",717.46,doll_6.64 m
"26,112,757",26112757,"26,112,757",713.62,doll_210.95 m
"1,575,522",1575522,"1,575,522",710.72,doll_12.68 m
"7,415,334",7415334,"7,415,334",710.04,doll_60.07 m
"833,230",833230,"833,230",708.86,doll_6.74 m
"1,119,178",1119178,"1,119,178",708.18,doll_8.98 m
"249,818",249818,"249,818",708.03,doll_1.97 m
"6,280,267",6280267,"6,280,267",707.67,doll_50.72 m
"5,026,349",5026349,"5,026,349",707.63,doll_40.31 m
"440,369",440369,"440,369",698.59,doll_3.52 m
"1,315,000",1315000,"1,315,000",698.46,doll_10.5 m
"8,811,708",8811708,"8,811,708",696.48,doll_70.18 m
"1,134,730",1134730,"1,134,730",695.08,doll_9.02 m
"19,757,296",19757296,"19,757,296",693.19,doll_155.6 m
"796,207",796207,"796,207",693.15,doll_6.32 m
"2,448,858",2448858,"2,448,858",693.05,doll_19.42 m
"13,157,000",13157000,"13,157,000",687.67,doll_103.63 m
"10,152,222",10152222,"10,152,222",683.39,doll_77.76 m
"500,440",500440,"500,440",682.63,doll_3.92 m
"506,730",506730,"506,730",681.63,doll_3.96 m
"225,964",225964,"225,964",680.23,doll_1.75 m
"3,989,355",3989355,"3,989,355",679.70,doll_30.41 m
"504,357",504357,"504,357",678.11,doll_3.92 m
"548,180",548180,"548,180",675.86,doll_4.25 m
"524,750",524750,"524,750",675.34,doll_4.07 m
"274,966",274966,"274,966",673.74,doll_2.13 m
"214,713",214713,"214,713",673.44,doll_1.66 m
"755,191",755191,"755,191",665.31,doll_5.74 m
"7,522,000",7522000,"7,522,000",662.76,doll_57.38 m
"1,556,607",1556607,"1,556,607",661.92,doll_11.86 m
"2,058,315",2058315,"2,058,315",660.16,doll_15.65 m
"8,508,398",8508398,"8,508,398",656.17,doll_63.88 m
"2,570,000",2570000,"2,570,000",655.91,doll_19.43 m
"26,626,422",26626422,"26,626,422",655.01,doll_197.26 m
"546,226",546226,"546,226",651.57,doll_4.11 m
"2,708,983",2708983,"2,708,983",651.07,doll_20.2 m
"975,140",975140,"975,140",650.65,doll_7.32 m
"316,525",316525,"316,525",645.92,doll_2.16 m
"884,885",884885,"884,885",641.45,doll_6.56 m
"559,778",559778,"559,778",640.72,doll_4.15 m
"2,146,950",2146950,"2,146,950",639.39,doll_15.87 m
"340,000",340000,"340,000",635.85,doll_2.5 m
"1,062,649",1062649,"1,062,649",635.77,doll_7.65 m
"621,636",621636,"621,636",634.70,doll_4.53 m
"350,019",350019,"350,019",633.03,doll_2.57 m
"330,522",330522,"330,522",631.54,doll_2.42 m
"410,520",410520,"410,520",629.15,doll_2.99 m
"2,051,133",2051133,"2,051,133",628.49,doll_14.94 m
"674,805",674805,"674,805",627.38,doll_4.8 m
"670,685",670685,"670,685",626.96,doll_4.88 m
"255,000",255000,"255,000",625.88,doll_1.85 m
"3,417,815",3417815,"3,417,815",624.36,doll_24.58 m
"364,485",364485,"364,485",623.62,doll_2.64 m
"15,653,388",15653388,"15,653,388",612.55,doll_111.54 m
"954,700",954700,"954,700",611.08,doll_6.79 m
"49,833,511",49833511,"49,833,511",608.12,doll_352.88 m
"2,669,247",2669247,"2,669,247",608.11,doll_18.77 m
"309,471",309471,"309,471",607.97,doll_2.0 m
"923,730",923730,"923,730",605.35,doll_6.52 m
"1,354,980",1354980,"1,354,980",604.94,doll_9.55 m
"335,460",335460,"335,460",601.43,doll_2.34 m
"3,659,630",3659630,"3,659,630",601.37,doll_25.67 m
"259,342",259342,"259,342",598.10,doll_1.81 m
"219,999",219999,"219,999",590.77,doll_1.51 m
"276,750",276750,"276,750",586.95,doll_1.9 m
"657,382",657382,"657,382",586.89,doll_4.48 m
"18,106,514",18106514,"18,106,514",581.48,doll_115.79 m
"4,829,922",4829922,"4,829,922",580.10,doll_32.61 m
"688,860",688860,"688,860",579.81,doll_4.68 m
"2,880,891",2880891,"2,880,891",579.56,doll_19.58 m
"667,170",667170,"667,170",578.64,doll_4.53 m
"21,640,253",21640253,"21,640,253",576.76,doll_146.45 m
"226,295",226295,"226,295",575.79,doll_1.53 m
"991,534",991534,"991,534",573.05,doll_6.53 m
"274,790",274790,"274,790",569.09,doll_1.79 m
"310,810",310810,"310,810",566.63,doll_2.07 m
"4,601,266",4601266,"4,601,266",566.22,doll_30.44 m
"1,411,811",1411811,"1,411,811",564.06,doll_9.38 m
"1,587,500",1587500,"1,587,500",563.94,doll_10.54 m
"404,819",404819,"404,819",561.59,doll_2.68 m
"251,795",251795,"251,795",556.12,doll_1.65 m
"5,033,032",5033032,"5,033,032",555.65,doll_32.27 m
"3,241,629",3241629,"3,241,629",555.52,doll_21.25 m
"436,610",436610,"436,610",554.25,doll_2.86 m
"6,936,038",6936038,"6,936,038",552.07,doll_45.23 m
"461,000",461000,"461,000",551.35,doll_3.0 m
"656,172",656172,"656,172",550.00,doll_4.11 m
"1,034,093",1034093,"1,034,093",548.14,doll_6.69 m
"449,771",449771,"449,771",548.05,doll_2.91 m
"4,954,590",4954590,"4,954,590",546.65,doll_32.04 m
"4,979,484",4979484,"4,979,484",546.03,doll_32.17 m
"422,610",422610,"422,610",539.22,doll_2.7 m
"322,050",322050,"322,050",538.99,doll_2.0 m
"304,833",304833,"304,833",538.61,doll_1.95 m
"789,058",789058,"789,058",529.56,doll_4.97 m
"5,361,088",5361088,"5,361,088",527.70,doll_33.65 m
"4,653,721",4653721,"4,653,721",527.48,doll_28.99 m
"245,974",245974,"245,974",526.03,doll_1.53 m
"11,756,712",11756712,"11,756,712",525.30,doll_73.51 m
"1,765,457",1765457,"1,765,457",524.73,doll_11.03 m
"318,940",318940,"318,940",523.93,doll_1.99 m
"385,266",385266,"385,266",520.62,doll_2.39 m
"3,733,539",3733539,"3,733,539",517.38,doll_22.89 m
"923,000",923000,"923,000",517.01,doll_5.7 m
"598,678",598678,"598,678",515.99,doll_3.69 m
"4,174,549",4174549,"4,174,549",515.51,doll_25.0 m
"737,936",737936,"737,936",514.46,doll_4.53 m
"698,300",698300,"698,300",513.48,doll_4.28 m
"551,848",551848,"551,848",513.18,doll_3.38 m
"1,277,410",1277410,"1,277,410",509.86,doll_7.79 m
"1,644,899",1644899,"1,644,899",507.97,doll_10.0 m
"5,643,295",5643295,"5,643,295",505.07,doll_33.9 m
"685,370",685370,"685,370",502.79,doll_4.13 m
"1,002,579",1002579,"1,002,579",502.19,doll_6.04 m
"1,043,440",1043440,"1,043,440",499.55,doll_6.26 m
"1,122,907",1122907,"1,122,907",498.36,doll_6.31 m
"1,091,925",1091925,"1,091,925",493.89,doll_6.48 m
"492,860",492860,"492,860",491.72,doll_2.92 m
"916,511",916511,"916,511",488.50,doll_5.36 m
"1,207,613",1207613,"1,207,613",488.24,doll_7.1 m
"1,396,400",1396400,"1,396,400",487.83,doll_8.21 m
"2,484,783",2484783,"2,484,783",487.47,doll_14.6 m
"521,250",521250,"521,250",486.88,doll_3.06 m
"2,076,139",2076139,"2,076,139",486.24,doll_12.17 m
"580,644",580644,"580,644",486.08,doll_3.4 m
"3,380,420",3380420,"3,380,420",485.69,doll_19.8 m
"853,561",853561,"853,561",483.67,doll_4.98 m
"352,000",352000,"352,000",482.78,doll_2.05 m
"287,985",287985,"287,985",481.07,doll_1.67 m
"877,275",877275,"877,275",479.95,doll_5.09 m
"441,260",441260,"441,260",479.40,doll_2.56 m
"473,344",473344,"473,344",478.83,doll_2.72 m
"7,007,000",7007000,"7,007,000",478.65,doll_40.55 m
"638,739",638739,"638,739",474.45,doll_3.67 m
"347,190",347190,"347,190",474.38,doll_1.99 m
"349,641",349641,"349,641",473.16,doll_2.0 m
"332,372",332372,"332,372",471.65,doll_1.9 m
"493,000",493000,"493,000",471.60,doll_2.82 m
"3,185,180",3185180,"3,185,180",470.40,doll_18.17 m
"2,423,113",2423113,"2,423,113",470.21,doll_13.82 m
"631,500",631500,"631,500",469.76,doll_3.6 m
"2,267,165",2267165,"2,267,165",469.71,doll_12.82 m
"408,336",408336,"408,336",468.80,doll_2.31 m
"2,884,392",2884392,"2,884,392",468.18,doll_16.39 m
"558,820",558820,"558,820",467.98,doll_3.17 m
"338,300",338300,"338,300",465.92,doll_1.91 m
"1,644,134",1644134,"1,644,134",465.78,doll_9.24 m
"3,878,370",3878370,"3,878,370",462.56,doll_21.82 m
"9,719,653",9719653,"9,719,653",461.12,doll_54.15 m
"2,610,679",2610679,"2,610,679",460.83,doll_14.64 m
"419,240",419240,"419,240",459.21,doll_2.34 m
"2,696,485",2696485,"2,696,485",458.13,doll_15.05 m
"1,600,000",1600000,"1,600,000",456.25,doll_8.9 m
"751,071",751071,"751,071",455.45,doll_4.06 m
"532,690",532690,"532,690",452.48,doll_2.94 m
"12,709,000",12709000,"12,709,000",452.20,doll_70.18 m
"289,766",289766,"289,766",450.85,doll_1.6 m
"539,486",539486,"539,486",449.16,doll_2.94 m
"910,963",910963,"910,963",447.76,doll_4.99 m
"318,370",318370,"318,370",446.74,doll_1.74 m
"348,129",348129,"348,129",444.42,doll_1.88 m
"1,418,769",1418769,"1,418,769",443.14,doll_7.05 m
"2,982,238",2982238,"2,982,238",442.64,doll_16.07 m
"856,790",856790,"856,790",441.64,doll_4.64 m
"4,253,600",4253600,"4,253,600",439.61,doll_22.95 m
"4,893,654",4893654,"4,893,654",439.22,doll_26.2 m
"1,349,250",1349250,"1,349,250",438.38,doll_7.26 m
"635,400",635400,"635,400",435.19,doll_3.4 m
"1,013,181",1013181,"1,013,181",433.20,doll_5.4 m
"1,481,398",1481398,"1,481,398",432.02,doll_7.83 m
"564,910",564910,"564,910",431.82,doll_3.0 m
"20,436,426",20436426,"20,436,426",430.92,doll_108.5 m
"2,127,151",2127151,"2,127,151",427.38,doll_11.22 m
"7,339,330",7339330,"7,339,330",427.36,doll_38.43 m
"461,671",461671,"461,671",425.60,doll_2.41 m
"4,176,347",4176347,"4,176,347",425.57,doll_21.79 m
"569,646",569646,"569,646",421.70,doll_2.97 m
"391,540",391540,"391,540",420.34,doll_2.04 m
"6,035,116",6035116,"6,035,116",420.23,doll_31.4 m
"826,430",826430,"826,430",420.04,doll_4.3 m
"3,013,629",3013629,"3,013,629",418.96,doll_15.64 m
"655,000",655000,"655,000",418.47,doll_3.4 m
"2,635,420",2635420,"2,635,420",417.12,doll_12.47 m
"1,454,711",1454711,"1,454,711",416.23,doll_7.34 m
"2,148,122",2148122,"2,148,122",415.23,doll_11.07 m
"1,304,060",1304060,"1,304,060",411.71,doll_6.67 m
"1,090,920",1090920,"1,090,920",411.64,doll_5.58 m
"2,577,297",2577297,"2,577,297",411.37,doll_13.09 m
"4,356,500",4356500,"4,356,500",406.66,doll_22.07 m
"340,309",340309,"340,309",404.97,doll_1.72 m
"846,360",846360,"846,360",404.13,doll_4.27 m
"1,061,327",1061327,"1,061,327",403.10,doll_5.34 m
"792,093",792093,"792,093",402.58,doll_3.98 m
"4,641,712",4641712,"4,641,712",402.13,doll_22.44 m
"2,408,187",2408187,"2,408,187",400.90,doll_12.06 m
"5,629,906",5629906,"5,629,906",399.83,doll_28.14 m
"2,163,006",2163006,"2,163,006",399.44,doll_10.8 m
"7,671,961",7671961,"7,671,961",398.90,doll_38.0 m
"770,031",770031,"770,031",398.70,doll_3.81 m
"303,615",303615,"303,615",398.69,doll_1.51 m
"11,728,040",11728040,"11,728,040",398.15,doll_58.42 m
"341,370",341370,"341,370",396.92,doll_1.7 m
"608,053",608053,"608,053",396.52,doll_3.02 m
"520,998",520998,"520,998",394.55,doll_2.58 m
"6,863,940",6863940,"6,863,940",394.51,doll_31.85 m
"1,965,560",1965560,"1,965,560",393.21,doll_9.69 m
"1,543,824",1543824,"1,543,824",390.55,doll_7.52 m
"464,354",464354,"464,354",390.53,doll_2.28 m
"3,284,400",3284400,"3,284,400",389.87,doll_16.09 m
"700,007",700007,"700,007",389.78,doll_3.43 m
"3,915,724",3915724,"3,915,724",389.56,doll_19.17 m
"1,127,652",1127652,"1,127,652",388.82,doll_5.51 m
"1,401,463",1401463,"1,401,463",385.68,doll_6.81 m
"681,460",681460,"681,460",385.16,doll_3.31 m
"3,035,269",3035269,"3,035,269",383.45,doll_14.67 m
"1,468,200",1468200,"1,468,200",381.19,doll_7.06 m
"2,663,699",2663699,"2,663,699",380.80,doll_12.81 m
"2,601,157",2601157,"2,601,157",380.13,doll_12.49 m
"329,298",329298,"329,298",378.99,doll_1.58 m
"2,136,626",2136626,"2,136,626",375.90,doll_10.17 m
"5,602,132",5602132,"5,602,132",375.47,doll_26.45 m
"1,459,655",1459655,"1,459,655",375.30,doll_6.94 m
"411,858",411858,"411,858",373.76,doll_1.95 m
"1,201,964",1201964,"1,201,964",373.42,doll_5.21 m
"3,954,351",3954351,"3,954,351",373.09,doll_18.36 m
"1,906,790",1906790,"1,906,790",372.95,doll_9.02 m
"437,747",437747,"437,747",371.54,doll_2.06 m
"595,800",595800,"595,800",369.96,doll_2.8 m
"1,541,070",1541070,"1,541,070",368.02,doll_7.16 m
"4,163,750",4163750,"4,163,750",367.32,doll_19.46 m
"766,510",766510,"766,510",367.12,doll_3.58 m
"3,688,264",3688264,"3,688,264",366.38,doll_17.08 m
"2,508,842",2508842,"2,508,842",365.87,doll_11.6 m
"1,982,251",1982251,"1,982,251",365.14,doll_9.22 m
"6,328,462",6328462,"6,328,462",364.94,doll_25.34 m
"443,694",443694,"443,694",364.90,doll_2.06 m
"1,081,079",1081079,"1,081,079",362.48,doll_5.0 m
"496,790",496790,"496,790",362.41,doll_2.3 m
"110,835,763",110835763,"110,835,763",361.78,doll_468.26 m
"573,145",573145,"573,145",361.24,doll_2.64 m
"790,712",790712,"790,712",361.17,doll_3.65 m
"22,060,642",22060642,"22,060,642",361.12,doll_101.73 m
"12,200,275",12200275,"12,200,275",360.01,doll_56.12 m
"699,907",699907,"699,907",359.98,doll_3.21 m
"1,297,717",1297717,"1,297,717",359.62,doll_5.92 m
"1,050,660",1050660,"1,050,660",359.61,doll_4.83 m
"16,861,349",16861349,"16,861,349",358.59,doll_83.63 m
"934,994",934994,"934,994",358.37,doll_4.29 m
"736,000",736000,"736,000",357.44,doll_3.37 m
"1,061,360",1061360,"1,061,360",356.25,doll_4.84 m
"1,114,200",1114200,"1,114,200",356.21,doll_5.08 m
"32,824,451",32824451,"32,824,451",355.67,doll_148.51 m
"398,676",398676,"398,676",355.58,doll_1.82 m
"45,981,552",45981552,"45,981,552",355.45,doll_191.6 m
"3,389,300",3389300,"3,389,300",353.69,doll_15.38 m
"3,525,720",3525720,"3,525,720",351.01,doll_15.9 m
"1,698,358",1698358,"1,698,358",350.96,doll_7.01 m
"645,633",645633,"645,633",350.83,doll_2.91 m
"1,128,243",1128243,"1,128,243",350.12,doll_5.08 m
"505,520",505520,"505,520",347.56,doll_2.26 m
"516,640",516640,"516,640",347.12,doll_2.31 m
"775,341",775341,"775,341",344.41,doll_3.45 m
"771,504",771504,"771,504",343.11,doll_3.39 m
"1,492,190",1492190,"1,492,190",342.81,doll_6.61 m
"361,790",361790,"361,790",342.52,doll_1.6 m
"8,935,361",8935361,"8,935,361",340.45,doll_39.36 m
"1,389,534",1389534,"1,389,534",339.50,doll_6.11 m
"857,590",857590,"857,590",339.50,doll_3.77 m
"544,943",544943,"544,943",338.88,doll_2.39 m
"1,593,667",1593667,"1,593,667",338.29,doll_6.98 m
"2,091,995",2091995,"2,091,995",337.44,doll_9.09 m
"9,235,130",9235130,"9,235,130",337.37,doll_40.39 m
"743,130",743130,"743,130",337.22,doll_3.25 m
"1,119,494",1119494,"1,119,494",336.69,doll_4.85 m
"1,062,010",1062010,"1,062,010",333.49,doll_4.6 m
"2,199,640",2199640,"2,199,640",331.97,doll_9.5 m
"452,091",452091,"452,091",331.77,doll_1.95 m
"2,510,930",2510930,"2,510,930",331.20,doll_10.83 m
"630,660",630660,"630,660",331.08,doll_2.72 m
"969,930",969930,"969,930",329.74,doll_4.17 m
"499,815",499815,"499,815",329.62,doll_2.13 m
"667,467",667467,"667,467",329.00,doll_2.84 m
"691,140",691140,"691,140",328.98,doll_2.96 m
"441,271",441271,"441,271",328.62,doll_1.89 m
"917,735",917735,"917,735",328.53,doll_3.93 m
"1,134,256",1134256,"1,134,256",327.77,doll_4.85 m
"1,702,165",1702165,"1,702,165",326.52,doll_7.26 m
"3,163,540",3163540,"3,163,540",326.09,doll_13.48 m
"948,813",948813,"948,813",325.82,doll_4.01 m
"20,298,288",20298288,"20,298,288",325.61,doll_93.44 m
"4,195,789",4195789,"4,195,789",325.42,doll_17.45 m
"2,286,000",2286000,"2,286,000",325.19,doll_9.72 m
"19,489,369",19489369,"19,489,369",324.99,doll_82.24 m
"8,933,769",8933769,"8,933,769",324.26,doll_34.68 m
"799,170",799170,"799,170",322.41,doll_3.38 m
"9,145,411",9145411,"9,145,411",322.06,doll_38.6 m
"5,394,020",5394020,"5,394,020",320.92,doll_22.7 m
"28,378,990",28378990,"28,378,990",319.89,doll_119.16 m
"1,084,812",1084812,"1,084,812",319.07,doll_4.55 m
"666,118",666118,"666,118",318.77,doll_2.79 m
"21,841,341",21841341,"21,841,341",318.30,doll_89.33 m
"2,708,258",2708258,"2,708,258",318.01,doll_11.32 m
"376,440",376440,"376,440",317.99,doll_1.57 m
"473,640",473640,"473,640",317.84,doll_1.98 m
"2,606,296",2606296,"2,606,296",317.63,doll_10.81 m
"5,688,822",5688822,"5,688,822",316.08,doll_23.5 m
"2,013,403",2013403,"2,013,403",315.16,doll_8.36 m
"1,137,450",1137450,"1,137,450",314.56,doll_4.72 m
"1,280,989",1280989,"1,280,989",313.98,doll_5.3 m
"451,196",451196,"451,196",312.82,doll_1.86 m
"815,449",815449,"815,449",309.97,doll_3.27 m
"6,450,759",6450759,"6,450,759",309.05,doll_26.39 m
"1,064,498",1064498,"1,064,498",308.66,doll_4.32 m
"868,552",868552,"868,552",308.41,doll_3.33 m
"5,381,108",5381108,"5,381,108",308.37,doll_21.97 m
"1,201,900",1201900,"1,201,900",307.62,doll_4.9 m
"1,016,480",1016480,"1,016,480",306.70,doll_4.13 m
"1,177,860",1177860,"1,177,860",306.29,doll_4.79 m
"657,377",657377,"657,377",306.22,doll_2.44 m
"3,450,000",3450000,"3,450,000",305.80,doll_14.0 m
"102,139,979",102139979,"102,139,979",305.66,doll_411.39 m
"1,685,348",1685348,"1,685,348",304.87,doll_6.77 m
"3,119,000",3119000,"3,119,000",304.26,doll_12.61 m
"1,865,319",1865319,"1,865,319",303.81,doll_7.53 m
"524,552",524552,"524,552",303.44,doll_1.82 m
"1,081,844",1081844,"1,081,844",303.38,doll_4.36 m
"572,798",572798,"572,798",302.65,doll_2.24 m
"2,357,096",2357096,"2,357,096",302.41,doll_9.49 m
"679,247",679247,"679,247",301.53,doll_2.73 m
"871,779",871779,"871,779",301.43,doll_3.5 m
"762,200",762200,"762,200",301.40,doll_3.06 m
"700,823",700823,"700,823",300.97,doll_2.81 m
"1,518,678",1518678,"1,518,678",297.51,doll_5.99 m
"1,184,000",1184000,"1,184,000",297.47,doll_4.71 m
"3,118,698",3118698,"3,118,698",297.46,doll_12.12 m
"1,267,224",1267224,"1,267,224",297.29,doll_5.03 m
"574,323",574323,"574,323",297.08,doll_2.28 m
"29,718,000",29718000,"29,718,000",297.06,doll_118.0 m
"571,513",571513,"571,513",296.93,doll_2.25 m
"855,283",855283,"855,283",296.71,doll_3.37 m
"732,924",732924,"732,924",295.97,doll_2.9 m
"663,100",663100,"663,100",295.97,doll_2.63 m
"1,334,213",1334213,"1,334,213",293.41,doll_5.25 m
"2,492,730",2492730,"2,492,730",291.25,doll_9.75 m
"842,600",842600,"842,600",290.92,doll_3.29 m
"2,189,720",2189720,"2,189,720",290.88,doll_8.56 m
"621,500",621500,"621,500",288.59,doll_2.42 m
"21,052,232",21052232,"21,052,232",288.44,doll_81.78 m
"488,940",488940,"488,940",288.19,doll_1.9 m
"8,605,113",8605113,"8,605,113",287.56,doll_32.1 m
"721,090",721090,"721,090",287.38,doll_2.79 m
"3,847,000",3847000,"3,847,000",287.21,doll_14.9 m
"3,465,675",3465675,"3,465,675",286.81,doll_13.31 m
"531,960",531960,"531,960",285.39,doll_2.05 m
"3,386,414",3386414,"3,386,414",284.74,doll_13.03 m
"30,862,156",30862156,"30,862,156",284.49,doll_117.82 m
"2,159,010",2159010,"2,159,010",284.10,doll_8.23 m
"1,190,000",1190000,"1,190,000",284.03,doll_4.57 m
"5,923,571",5923571,"5,923,571",283.29,doll_22.7 m
"5,422,583",5422583,"5,422,583",283.21,doll_20.78 m
"2,593,649",2593649,"2,593,649",283.01,doll_9.93 m
"1,293,181",1293181,"1,293,181",282.71,doll_4.53 m
"628,388",628388,"628,388",282.63,doll_2.4 m
"3,848,262",3848262,"3,848,262",281.74,doll_14.69 m
"2,295,632",2295632,"2,295,632",281.19,doll_8.75 m
"2,202,906",2202906,"2,202,906",280.58,doll_8.38 m
"5,924,389",5924389,"5,924,389",280.36,doll_22.37 m
"416,960",416960,"416,960",279.04,doll_1.58 m
"9,838,779",9838779,"9,838,779",278.58,doll_37.25 m
"4,985,758",4985758,"4,985,758",275.94,doll_18.74 m
"499,484",499484,"499,484",275.83,doll_1.86 m
"8,392,541",8392541,"8,392,541",274.90,doll_31.46 m
"10,982,110",10982110,"10,982,110",274.52,doll_41.13 m
"2,229,273",2229273,"2,229,273",274.15,doll_8.34 m
"19,088,830",19088830,"19,088,830",273.47,doll_71.29 m
"1,174,770",1174770,"1,174,770",273.12,doll_4.38 m
"1,061,642",1061642,"1,061,642",273.03,doll_3.96 m
"5,428,300",5428300,"5,428,300",272.54,doll_20.22 m
"824,450",824450,"824,450",272.18,doll_3.07 m
"5,772,716",5772716,"5,772,716",272.13,doll_20.68 m
"1,771,758",1771758,"1,771,758",271.97,doll_6.59 m
"6,955,394",6955394,"6,955,394",271.81,doll_25.86 m
"1,627,160",1627160,"1,627,160",271.64,doll_6.54 m
"599,612",599612,"599,612",270.79,doll_2.22 m
"749,940",749940,"749,940",270.68,doll_2.78 m
"2,716,240",2716240,"2,716,240",270.39,doll_10.06 m
"1,310,532",1310532,"1,310,532",268.98,doll_4.42 m
"410,775",410775,"410,775",268.92,doll_1.52 m
"2,191,733",2191733,"2,191,733",268.20,doll_8.07 m
"910,392",910392,"910,392",268.16,doll_3.35 m
"691,110",691110,"691,110",268.08,doll_2.54 m
"3,336,600",3336600,"3,336,600",268.05,doll_12.28 m
"3,743,740",3743740,"3,743,740",267.75,doll_13.77 m
"5,233,937",5233937,"5,233,937",267.32,doll_17.59 m
"1,304,073",1304073,"1,304,073",266.84,doll_4.78 m
"5,474,802",5474802,"5,474,802",265.81,doll_19.65 m
"1,375,943",1375943,"1,375,943",264.32,doll_5.01 m
"54,990,779",54990779,"54,990,779",263.37,doll_199.82 m
"1,158,042",1158042,"1,158,042",263.34,doll_4.21 m
"558,480",558480,"558,480",262.60,doll_2.03 m
"1,156,596",1156596,"1,156,596",261.42,doll_4.18 m
"419,430",419430,"419,430",260.90,doll_1.51 m
"1,276,483",1276483,"1,276,483",260.22,doll_4.6 m
"674,560",674560,"674,560",260.17,doll_2.43 m
"1,272,558",1272558,"1,272,558",259.83,doll_4.58 m
"4,656,191",4656191,"4,656,191",259.66,doll_16.75 m
"2,257,390",2257390,"2,257,390",259.32,doll_8.11 m
"6,549,376",6549376,"6,549,376",259.15,doll_21.52 m
"15,711,602",15711602,"15,711,602",258.92,doll_55.14 m
"5,642,145",5642145,"5,642,145",258.88,doll_20.25 m
"1,650,756",1650756,"1,650,756",258.30,doll_5.91 m
"910,070",910070,"910,070",258.05,doll_3.06 m
"3,904,618",3904618,"3,904,618",257.60,doll_13.86 m
"622,989",622989,"622,989",257.42,doll_2.23 m
"580,537",580537,"580,537",257.35,doll_2.07 m
"1,018,843",1018843,"1,018,843",257.32,doll_3.64 m
"5,573,000",5573000,"5,573,000",256.90,doll_19.89 m
"1,127,170",1127170,"1,127,170",255.81,doll_4.01 m
"433,540",433540,"433,540",255.07,doll_1.54 m
"3,266,703",3266703,"3,266,703",254.93,doll_11.59 m
"644,440",644440,"644,440",254.41,doll_2.28 m
"1,778,274",1778274,"1,778,274",254.20,doll_6.3 m
"3,498,275",3498275,"3,498,275",254.09,doll_12.3 m
"7,477,852",7477852,"7,477,852",253.87,doll_26.27 m
"6,242,232",6242232,"6,242,232",253.68,doll_22.08 m
"1,646,307",1646307,"1,646,307",253.68,doll_5.82 m
"12,259,540",12259540,"12,259,540",253.65,doll_43.36 m
"1,031,733",1031733,"1,031,733",253.55,doll_3.65 m
"681,652",681652,"681,652",253.35,doll_2.41 m
"1,055,100",1055100,"1,055,100",253.11,doll_3.73 m
"3,350,270",3350270,"3,350,270",251.91,doll_11.79 m
"32,428,296",32428296,"32,428,296",251.66,doll_114.04 m
"1,084,616",1084616,"1,084,616",251.57,doll_3.79 m
"1,482,100",1482100,"1,482,100",251.56,doll_5.21 m
"5,031,697",5031697,"5,031,697",251.48,doll_17.56 m
"2,178,629",2178629,"2,178,629",250.06,doll_7.57 m
"2,363,526",2363526,"2,363,526",249.64,doll_8.2 m
"1,809,858",1809858,"1,809,858",249.58,doll_6.33 m
"9,100,083",9100083,"9,100,083",248.98,doll_31.76 m
"547,084",547084,"547,084",248.88,doll_1.91 m
"1,568,506",1568506,"1,568,506",248.43,doll_5.47 m
"910,973",910973,"910,973",247.28,doll_2.72 m
"2,195,780",2195780,"2,195,780",247.20,doll_7.62 m
"5,325,214",5325214,"5,325,214",247.05,doll_18.48 m
"1,954,609",1954609,"1,954,609",246.88,doll_6.73 m
"658,317",658317,"658,317",246.63,doll_2.28 m
"1,079,340",1079340,"1,079,340",245.48,doll_3.73 m
"6,137,755",6137755,"6,137,755",245.45,doll_20.41 m
"541,582",541582,"541,582",245.44,doll_1.87 m
"2,608,093",2608093,"2,608,093",244.64,doll_8.99 m
"452,557",452557,"452,557",243.94,doll_1.56 m
"5,283,415",5283415,"5,283,415",243.36,doll_18.14 m
"776,268",776268,"776,268",243.07,doll_2.66 m
"25,858,983",25858983,"25,858,983",242.59,doll_88.59 m
"12,106,480",12106480,"12,106,480",242.58,doll_41.47 m
"1,808,710",1808710,"1,808,710",242.17,doll_6.19 m
"1,030,000",1030000,"1,030,000",241.26,doll_3.52 m
"15,241,075",15241075,"15,241,075",241.26,doll_51.64 m
"1,451,770",1451770,"1,451,770",241.12,doll_4.95 m
"13,309,441",13309441,"13,309,441",240.39,doll_42.51 m
"22,730,529",22730529,"22,730,529",240.33,doll_77.36 m
"3,842,670",3842670,"3,842,670",240.06,doll_13.07 m
"7,381,686",7381686,"7,381,686",239.23,doll_25.04 m
"687,958",687958,"687,958",239.19,doll_2.33 m
"9,987,236",9987236,"9,987,236",238.38,doll_29.1 m
"943,718",943718,"943,718",237.95,doll_3.19 m
"973,460",973460,"973,460",237.58,doll_3.29 m
"2,543,343",2543343,"2,543,343",237.43,doll_8.52 m
"616,520",616520,"616,520",236.58,doll_2.08 m
"10,247,832",10247832,"10,247,832",236.55,doll_34.49 m
"3,044,054",3044054,"3,044,054",236.46,doll_10.24 m
"947,000",947000,"947,000",235.69,doll_3.18 m
"1,351,164",1351164,"1,351,164",235.05,doll_4.53 m
"2,410,212",2410212,"2,410,212",234.97,doll_8.07 m
"700,960",700960,"700,960",234.87,doll_2.35 m
"3,811,838",3811838,"3,811,838",234.84,doll_12.76 m
"881,275",881275,"881,275",234.74,doll_2.95 m
"1,385,662",1385662,"1,385,662",234.07,doll_4.53 m
"4,476,517",4476517,"4,476,517",234.00,doll_14.85 m
"17,203,160",17203160,"17,203,160",233.96,doll_57.45 m
"2,618,069",2618069,"2,618,069",233.95,doll_8.74 m
"2,002,982",2002982,"2,002,982",233.87,doll_6.69 m
"10,518,963",10518963,"10,518,963",233.75,doll_35.11 m
"793,957",793957,"793,957",233.68,doll_2.65 m
"1,058,063",1058063,"1,058,063",233.32,doll_3.23 m
"1,862,272",1862272,"1,862,272",233.23,doll_6.21 m
"4,461,170",4461170,"4,461,170",233.18,doll_14.86 m
"772,943",772943,"772,943",232.57,doll_2.55 m
"1,414,501",1414501,"1,414,501",231.75,doll_4.69 m
"660,767",660767,"660,767",231.73,doll_2.18 m
"4,180,523",4180523,"4,180,523",231.45,doll_13.86 m
"1,926,967",1926967,"1,926,967",231.36,doll_6.39 m
"1,271,353",1271353,"1,271,353",231.14,doll_4.21 m
"4,587,687",4587687,"4,587,687",231.05,doll_15.08 m
"7,265,350",7265350,"7,265,350",231.00,doll_24.05 m
"8,110,160",8110160,"8,110,160",230.75,doll_26.82 m
"1,020,690",1020690,"1,020,690",230.22,doll_3.37 m
"1,163,241",1163241,"1,163,241",230.16,doll_3.51 m
"810,750",810750,"810,750",230.03,doll_2.68 m
"694,501",694501,"694,501",229.61,doll_2.27 m
"1,001,740",1001740,"1,001,740",229.36,doll_3.3 m
"9,915,609",9915609,"9,915,609",229.03,doll_32.39 m
"1,226,000",1226000,"1,226,000",228.55,doll_4.03 m
"17,515,305",17515305,"17,515,305",228.30,doll_57.09 m
"1,222,870",1222870,"1,222,870",228.26,doll_4.01 m
"1,825,769",1825769,"1,825,769",227.87,doll_5.99 m
"5,602,279",5602279,"5,602,279",226.81,doll_18.18 m
"2,384,156",2384156,"2,384,156",226.39,doll_7.78 m
"1,794,120",1794120,"1,794,120",226.35,doll_5.86 m
"8,075,796",8075796,"8,075,796",226.05,doll_26.14 m
"3,128,700",3128700,"3,128,700",225.69,doll_10.19 m
"5,244,000",5244000,"5,244,000",225.10,doll_17.05 m
"906,341",906341,"906,341",225.06,doll_2.95 m
"63,207,258",63207258,"63,207,258",224.82,doll_205.31 m
"10,300,000",10300000,"10,300,000",224.27,doll_33.4 m
"48,580,102",48580102,"48,580,102",223.91,doll_156.23 m
"556,159",556159,"556,159",223.16,doll_1.8 m
"1,300,000",1300000,"1,300,000",223.08,doll_4.2 m
"834,708",834708,"834,708",222.96,doll_2.6 m
"1,602,458",1602458,"1,602,458",222.78,doll_5.17 m
"622,800",622800,"622,800",222.59,doll_2.01 m
"6,882,489",6882489,"6,882,489",222.24,doll_22.02 m
"17,727,950",17727950,"17,727,950",221.85,doll_57.06 m
"2,250,946",2250946,"2,250,946",221.77,doll_7.19 m
"4,020,469",4020469,"4,020,469",221.73,doll_12.93 m
"1,703,819",1703819,"1,703,819",221.69,doll_5.48 m
"10,393,680",10393680,"10,393,680",221.08,doll_33.37 m
"1,172,617",1172617,"1,172,617",220.83,doll_3.76 m
"1,206,770",1206770,"1,206,770",220.60,doll_3.87 m
"5,322,238",5322238,"5,322,238",220.27,doll_16.92 m
"719,638",719638,"719,638",219.98,doll_2.3 m
"1,094,666",1094666,"1,094,666",219.37,doll_3.5 m
"2,171,492",2171492,"2,171,492",219.33,doll_6.93 m
"1,111,687",1111687,"1,111,687",218.82,doll_3.54 m
"805,029",805029,"805,029",218.78,doll_2.55 m
"12,127,395",12127395,"12,127,395",218.69,doll_38.37 m
"9,762,332",9762332,"9,762,332",218.67,doll_30.89 m
"879,670",879670,"879,670",218.66,doll_2.8 m
"1,674,690",1674690,"1,674,690",217.27,doll_5.31 m
"1,344,240",1344240,"1,344,240",217.21,doll_4.26 m
"516,164",516164,"516,164",217.08,doll_1.64 m
"12,867,410",12867410,"12,867,410",216.91,doll_40.78 m
"3,363,800",3363800,"3,363,800",216.15,doll_9.73 m
"10,181,000",10181000,"10,181,000",216.03,doll_32.17 m
"809,450",809450,"809,450",215.54,doll_2.55 m
"3,033,150",3033150,"3,033,150",215.48,doll_9.57 m
"16,075,963",16075963,"16,075,963",215.40,doll_49.58 m
"573,070",573070,"573,070",215.35,doll_1.81 m
"1,484,883",1484883,"1,484,883",215.26,doll_4.39 m
"676,000",676000,"676,000",215.24,doll_2.13 m
"15,610,826",15610826,"15,610,826",215.10,doll_49.19 m
"8,271,702",8271702,"8,271,702",214.45,doll_26.01 m
"6,615,000",6615000,"6,615,000",213.62,doll_20.75 m
"859,960",859960,"859,960",213.53,doll_2.7 m
"666,210",666210,"666,210",213.26,doll_2.09 m
"5,229,000",5229000,"5,229,000",213.00,doll_16.37 m
"2,031,522",2031522,"2,031,522",212.89,doll_6.36 m
"3,342,120",3342120,"3,342,120",212.86,doll_10.46 m
"5,105,700",5105700,"5,105,700",212.60,doll_15.85 m
"3,264,000",3264000,"3,264,000",212.59,doll_10.2 m
"2,601,485",2601485,"2,601,485",212.23,doll_8.12 m
"1,171,373",1171373,"1,171,373",212.06,doll_3.66 m
"18,649,681",18649681,"18,649,681",211.97,doll_57.77 m
"2,531,055",2531055,"2,531,055",211.33,doll_7.88 m
"633,990",633990,"633,990",210.73,doll_1.97 m
"1,009,846",1009846,"1,009,846",210.64,doll_3.14 m
"1,815,835",1815835,"1,815,835",209.88,doll_5.63 m
"2,177,950",2177950,"2,177,950",209.36,doll_6.74 m
"2,124,990",2124990,"2,124,990",209.01,doll_6.57 m
"4,693,330",4693330,"4,693,330",208.73,doll_13.26 m
"1,290,312",1290312,"1,290,312",208.55,doll_3.98 m
"1,087,520",1087520,"1,087,520",208.24,doll_3.35 m
"2,498,792",2498792,"2,498,792",208.20,doll_7.7 m
"3,080,610",3080610,"3,080,610",207.77,doll_9.48 m
"1,759,490",1759490,"1,759,490",207.54,doll_5.41 m
"667,837",667837,"667,837",206.87,doll_2.05 m
"1,072,117",1072117,"1,072,117",206.86,doll_3.29 m
"23,141,358",23141358,"23,141,358",206.37,doll_70.39 m
"3,730,405",3730405,"3,730,405",206.10,doll_10.45 m
"1,031,988",1031988,"1,031,988",205.70,doll_3.15 m
"2,850,000",2850000,"2,850,000",205.51,doll_8.71 m
"720,650",720650,"720,650",205.44,doll_2.2 m
"4,832,212",4832212,"4,832,212",204.74,doll_14.73 m
"1,263,420",1263420,"1,263,420",203.53,doll_3.83 m
"1,944,720",1944720,"1,944,720",202.87,doll_5.89 m
"1,585,727",1585727,"1,585,727",202.35,doll_4.79 m
"2,737,704",2737704,"2,737,704",202.23,doll_8.27 m
"868,406",868406,"868,406",201.99,doll_2.62 m
"989,785",989785,"989,785",201.67,doll_2.57 m
"1,173,908",1173908,"1,173,908",201.37,doll_3.54 m
"590,642",590642,"590,642",201.07,doll_1.78 m
"5,561,585",5561585,"5,561,585",200.64,doll_16.6 m
"8,022,358",8022358,"8,022,358",200.58,doll_24.11 m
"1,140,000",1140000,"1,140,000",200.43,doll_3.42 m
"2,119,022",2119022,"2,119,022",200.06,doll_6.36 m
"1,078,808",1078808,"1,078,808",199.77,doll_3.23 m
"777,849",777849,"777,849",199.75,doll_2.33 m
"3,973,460",3973460,"3,973,460",199.43,doll_11.9 m
"2,065,220",2065220,"2,065,220",199.36,doll_6.18 m
"1,105,569",1105569,"1,105,569",199.23,doll_3.31 m
"24,429,686",24429686,"24,429,686",198.91,doll_72.5 m
"8,527,777",8527777,"8,527,777",198.41,doll_25.45 m
"15,292,051",15292051,"15,292,051",198.30,doll_45.62 m
"2,370,645",2370645,"2,370,645",198.07,doll_7.07 m
"753,352",753352,"753,352",198.06,doll_2.25 m
"3,880,663",3880663,"3,880,663",197.11,doll_11.53 m
"808,700",808700,"808,700",196.84,doll_2.4 m
"3,450,305",3450305,"3,450,305",195.91,doll_9.98 m
"11,484,801",11484801,"11,484,801",195.21,doll_33.9 m
"787,160",787160,"787,160",194.81,doll_2.32 m
"5,137,900",5137900,"5,137,900",194.68,doll_15.14 m
"1,897,650",1897650,"1,897,650",194.60,doll_5.59 m
"1,126,971",1126971,"1,126,971",194.37,doll_3.11 m
"4,245,861",4245861,"4,245,861",193.76,doll_12.47 m
"1,461,226",1461226,"1,461,226",193.45,doll_4.29 m
"1,326,082",1326082,"1,326,082",193.40,doll_3.89 m
"722,795",722795,"722,795",192.95,doll_2.12 m
"1,818,032",1818032,"1,818,032",192.85,doll_5.32 m
"964,998",964998,"964,998",192.84,doll_2.83 m
"7,709,375",7709375,"7,709,375",192.62,doll_22.56 m
"7,000,063",7000063,"7,000,063",192.57,doll_20.48 m
"650,000",650000,"650,000",192.31,doll_1.9 m
"828,820",828820,"828,820",190.97,doll_2.41 m
"1,181,642",1181642,"1,181,642",190.48,doll_3.41 m
"14,649,568",14649568,"14,649,568",190.28,doll_42.53 m
"1,395,607",1395607,"1,395,607",190.17,doll_4.05 m
"3,868,483",3868483,"3,868,483",190.02,doll_10.26 m
"48,449,141",48449141,"48,449,141",189.88,doll_140.44 m
"6,246,592",6246592,"6,246,592",189.78,doll_18.1 m
"14,500,000",14500000,"14,500,000",189.70,doll_42.01 m
"723,064",723064,"723,064",188.94,doll_2.09 m
"12,554,325",12554325,"12,554,325",188.54,doll_36.22 m
"3,226,280",3226280,"3,226,280",188.49,doll_9.31 m
"575,120",575120,"575,120",188.42,doll_1.66 m
"37,992,902",37992902,"37,992,902",188.32,doll_108.76 m
"698,300",698300,"698,300",188.19,doll_2.01 m
"6,564,162",6564162,"6,564,162",187.81,doll_18.76 m
"2,818,652",2818652,"2,818,652",187.45,doll_8.1 m
"19,351,090",19351090,"19,351,090",187.14,doll_55.56 m
"685,567",685567,"685,567",186.89,doll_1.95 m
"1,060,000",1060000,"1,060,000",186.79,doll_3.04 m
"2,329,522",2329522,"2,329,522",186.71,doll_6.63 m
"527,910",527910,"527,910",186.54,doll_1.51 m
"36,995,102",36995102,"36,995,102",186.27,doll_105.15 m
"2,322,241",2322241,"2,322,241",185.36,doll_6.63 m
"3,686,000",3686000,"3,686,000",185.24,doll_10.51 m
"659,402",659402,"659,402",184.26,doll_1.87 m
"2,462,478",2462478,"2,462,478",184.14,doll_7.0 m
"1,424,633",1424633,"1,424,633",183.54,doll_4.04 m
"5,915,499",5915499,"5,915,499",183.23,doll_16.75 m
"3,977,562",3977562,"3,977,562",183.17,doll_11.26 m
"1,592,170",1592170,"1,592,170",182.86,doll_4.5 m
"1,022,714",1022714,"1,022,714",182.41,doll_2.89 m
"647,020",647020,"647,020",182.41,doll_1.81 m
"2,281,929",2281929,"2,281,929",182.39,doll_6.44 m
"6,381,674",6381674,"6,381,674",182.36,doll_17.89 m
"581,520",581520,"581,520",182.02,doll_1.64 m
"1,799,189",1799189,"1,799,189",181.97,doll_5.04 m
"28,668,484",28668484,"28,668,484",181.29,doll_80.07 m
"1,944,000",1944000,"1,944,000",181.27,doll_5.47 m
"1,207,009",1207009,"1,207,009",180.95,doll_3.39 m
"29,564,866",29564866,"29,564,866",180.89,doll_83.04 m
"1,586,246",1586246,"1,586,246",180.88,doll_4.08 m
"867,960",867960,"867,960",180.66,doll_2.44 m
"4,608,343",4608343,"4,608,343",180.55,doll_11.83 m
"2,269,510",2269510,"2,269,510",180.41,doll_6.36 m
"1,778,890",1778890,"1,778,890",180.39,doll_4.99 m
"3,137,630",3137630,"3,137,630",180.22,doll_8.79 m
"554,004",554004,"554,004",179.79,doll_1.51 m
"1,386,701",1386701,"1,386,701",179.35,doll_3.87 m
"4,040,060",4040060,"4,040,060",179.23,doll_11.28 m
"2,809,036",2809036,"2,809,036",179.21,doll_7.84 m
"1,610,149",1610149,"1,610,149",178.97,doll_4.49 m
"1,083,821",1083821,"1,083,821",178.52,doll_3.02 m
"1,241,760",1241760,"1,241,760",178.13,doll_3.45 m
"5,547,537",5547537,"5,547,537",178.05,doll_15.08 m
"1,006,280",1006280,"1,006,280",177.33,doll_2.79 m
"10,925,375",10925375,"10,925,375",177.06,doll_30.27 m
"11,207,566",11207566,"11,207,566",176.94,doll_31.04 m
"838,200",838200,"838,200",176.53,doll_2.32 m
"3,372,820",3372820,"3,372,820",176.29,doll_9.32 m
"12,479,120",12479120,"12,479,120",175.75,doll_34.41 m
"574,487",574487,"574,487",175.70,doll_1.58 m
"1,028,730",1028730,"1,028,730",175.61,doll_2.84 m
"8,362,568",8362568,"8,362,568",175.59,doll_22.42 m
"5,908,517",5908517,"5,908,517",175.27,doll_16.26 m
"1,438,184",1438184,"1,438,184",175.07,doll_3.96 m
"800,000",800000,"800,000",175.00,doll_2.2 m
"4,788,000",4788000,"4,788,000",174.98,doll_13.17 m
"2,003,540",2003540,"2,003,540",174.64,doll_5.5 m
"944,107",944107,"944,107",174.60,doll_2.23 m
"783,460",783460,"783,460",174.56,doll_2.15 m
"31,477,723",31477723,"31,477,723",174.26,doll_83.98 m
"3,517,519",3517519,"3,517,519",174.00,doll_9.64 m
"12,074,454",12074454,"12,074,454",173.97,doll_33.08 m
"6,024,830",6024830,"6,024,830",173.95,doll_16.5 m
"1,488,875",1488875,"1,488,875",173.47,doll_4.07 m
"2,550,263",2550263,"2,550,263",173.33,doll_6.97 m
"9,283,620",9283620,"9,283,620",173.12,doll_25.36 m
"1,699,234",1699234,"1,699,234",172.99,doll_4.54 m
"579,436",579436,"579,436",172.45,doll_1.58 m
"1,010,498",1010498,"1,010,498",172.17,doll_2.73 m
"3,811,605",3811605,"3,811,605",172.09,doll_10.37 m
"1,632,988",1632988,"1,632,988",172.02,doll_4.06 m
"25,003,047",25003047,"25,003,047",172.00,doll_68.01 m
"2,210,651",2210651,"2,210,651",171.87,doll_6.01 m
"823,381",823381,"823,381",171.71,doll_2.24 m
"2,287,420",2287420,"2,287,420",171.14,doll_6.2 m
"1,314,806",1314806,"1,314,806",170.86,doll_3.56 m
"870,070",870070,"870,070",170.85,doll_2.36 m
"1,178,653",1178653,"1,178,653",170.83,doll_3.19 m
"5,376,347",5376347,"5,376,347",170.63,doll_14.55 m
"34,291,000",34291000,"34,291,000",170.62,doll_92.8 m
"1,838,120",1838120,"1,838,120",170.53,doll_4.97 m
"6,170,577",6170577,"6,170,577",170.52,doll_16.69 m
"1,238,210",1238210,"1,238,210",170.39,doll_3.35 m
"1,490,280",1490280,"1,490,280",169.82,doll_4.02 m
"29,247,774",29247774,"29,247,774",169.30,doll_78.77 m
"2,006,100",2006100,"2,006,100",168.86,doll_5.39 m
"1,932,580",1932580,"1,932,580",168.79,doll_5.19 m
"7,576,080",7576080,"7,576,080",168.70,doll_18.62 m
"13,997,000",13997000,"13,997,000",168.68,doll_37.61 m
"3,620,585",3620585,"3,620,585",168.54,doll_9.51 m
"2,009,719",2009719,"2,009,719",168.48,doll_4.65 m
"7,606,472",7606472,"7,606,472",168.03,doll_20.39 m
"655,366",655366,"655,366",168.01,doll_1.76 m
"5,268,390",5268390,"5,268,390",167.88,doll_14.11 m
"888,395",888395,"888,395",167.73,doll_2.38 m
"794,770",794770,"794,770",167.60,doll_2.13 m
"702,609",702609,"702,609",167.55,doll_1.88 m
"5,023,015",5023015,"5,023,015",167.54,doll_13.44 m
"703,190",703190,"703,190",167.28,doll_1.88 m
"8,552,857",8552857,"8,552,857",167.07,doll_22.84 m
"2,500,644",2500644,"2,500,644",166.79,doll_6.67 m
"5,851,000",5851000,"5,851,000",166.67,doll_15.6 m
"986,286",986286,"986,286",166.56,doll_2.63 m
"1,741,112",1741112,"1,741,112",166.38,doll_4.64 m
"676,431",676431,"676,431",166.18,doll_1.8 m
"1,467,195",1467195,"1,467,195",166.16,doll_3.91 m
"3,477,788",3477788,"3,477,788",166.08,doll_9.25 m
"10,944,325",10944325,"10,944,325",165.71,doll_29.08 m
"4,794,822",4794822,"4,794,822",165.43,doll_12.73 m
"14,683,064",14683064,"14,683,064",165.35,doll_38.96 m
"6,801,966",6801966,"6,801,966",165.29,doll_18.04 m
"14,051,407",14051407,"14,051,407",164.93,doll_36.96 m
"1,729,707",1729707,"1,729,707",164.83,doll_4.41 m
"2,395,445",2395445,"2,395,445",164.78,doll_6.3 m
"1,236,098",1236098,"1,236,098",164.77,doll_3.25 m
"910,386",910386,"910,386",164.38,doll_2.41 m
"1,017,320",1017320,"1,017,320",163.97,doll_2.69 m
"2,199,126",2199126,"2,199,126",163.93,doll_5.76 m
"2,826,571",2826571,"2,826,571",163.42,doll_7.45 m
"1,749,794",1749794,"1,749,794",163.42,doll_4.61 m
"6,398,583",6398583,"6,398,583",163.27,doll_16.85 m
"1,167,000",1167000,"1,167,000",162.65,doll_3.07 m
"2,429,230",2429230,"2,429,230",162.51,doll_6.38 m
"16,000,000",16000000,"16,000,000",162.50,doll_42.0 m
"4,443,710",4443710,"4,443,710",162.17,doll_11.65 m
"1,071,090",1071090,"1,071,090",161.84,doll_2.8 m
"675,645",675645,"675,645",161.81,doll_1.77 m
"9,009,270",9009270,"9,009,270",161.72,doll_23.58 m
"2,409,730",2409730,"2,409,730",161.63,doll_6.3 m
"1,900,000",1900000,"1,900,000",161.58,doll_4.97 m
"1,897,113",1897113,"1,897,113",161.54,doll_4.85 m
"639,410",639410,"639,410",161.45,doll_1.67 m
"9,515,000",9515000,"9,515,000",161.37,doll_24.87 m
"12,686,177",12686177,"12,686,177",161.21,doll_33.14 m
"4,117,340",4117340,"4,117,340",161.11,doll_10.75 m
"14,327,610",14327610,"14,327,610",160.94,doll_37.39 m
"28,939,861",28939861,"28,939,861",160.04,doll_74.72 m
"2,233,448",2233448,"2,233,448",159.98,doll_5.68 m
"596,906",596906,"596,906",159.92,doll_1.55 m
"6,278,456",6278456,"6,278,456",159.81,doll_16.2 m
"2,968,892",2968892,"2,968,892",159.49,doll_7.7 m
"997,518",997518,"997,518",159.42,doll_2.59 m
"3,417,536",3417536,"3,417,536",159.33,doll_8.86 m
"24,320,734",24320734,"24,320,734",158.84,doll_62.95 m
"661,860",661860,"661,860",158.58,doll_1.71 m
"1,005,658",1005658,"1,005,658",158.40,doll_2.6 m
"9,161,867",9161867,"9,161,867",158.39,doll_23.67 m
"3,647,000",3647000,"3,647,000",157.99,doll_9.41 m
"4,526,000",4526000,"4,526,000",157.87,doll_11.67 m
"900,686",900686,"900,686",157.82,doll_2.7 m
"1,302,640",1302640,"1,302,640",157.62,doll_3.36 m
"6,712,146",6712146,"6,712,146",157.55,doll_17.29 m
"2,059,190",2059190,"2,059,190",157.40,doll_5.3 m
"5,144,442",5144442,"5,144,442",157.07,doll_13.22 m
"19,753,150",19753150,"19,753,150",156.87,doll_50.74 m
"916,000",916000,"916,000",156.44,doll_2.35 m
"21,717,432",21717432,"21,717,432",156.27,doll_56.05 m
"1,332,330",1332330,"1,332,330",155.74,doll_3.41 m
"6,909,799",6909799,"6,909,799",155.48,doll_19.3 m
"8,575,344",8575344,"8,575,344",155.39,doll_21.9 m
"1,382,844",1382844,"1,382,844",155.23,doll_3.53 m
"1,074,130",1074130,"1,074,130",155.02,doll_2.74 m
"22,805,398",22805398,"22,805,398",154.94,doll_58.14 m
"818,658",818658,"818,658",154.86,doll_2.09 m
"679,440",679440,"679,440",154.82,doll_1.73 m
"12,153,143",12153143,"12,153,143",154.81,doll_30.97 m
"7,399,729",7399729,"7,399,729",154.80,doll_18.85 m
"9,717,860",9717860,"9,717,860",154.60,doll_24.74 m
